,Genotype,Sample,label,area,DAPI_mean,DAPI_total
0,Control,0,4,24101.0,147.53993610223642,3555860.0
1,Control,0,5,16028.0,121.58335413027203,1948738.0
2,Control,0,6,24198.0,135.33655674022646,3274874.0
3,Control,0,7,22117.0,121.10394718994439,2678456.0
4,Control,0,9,23163.0,167.91132409446098,3889329.9999999995
5,Control,0,12,15385.0,124.32297692557687,1912709.0
6,Control,0,16,28296.0,141.87082979926492,4014377.0000000005
7,Control,0,17,21339.0,195.71334176859273,4176327.0
8,Control,0,18,25034.0,146.7721498761684,3674294.0
9,Control,0,19,15652.0,100.09915665729619,1566752.0
10,Control,0,20,22449.0,152.7860038309056,3429893.0
11,Control,0,21,14123.0,141.44353182751541,1997607.0000000002
12,Control,0,23,15547.0,93.82755515533543,1458737.0
13,Control,0,24,14481.0,97.99454457565085,1419059.0
14,Control,0,29,10600.0,123.19783018867925,1305897.0
15,Control,0,30,23309.0,119.22145952207302,2778933.0
16,Control,0,31,24129.0,147.80202246259688,3566315.0
17,Control,0,32,14185.0,320.8533662319351,4551305.0
18,Control,0,36,20591.0,149.44791413724442,3077282.0
19,Control,0,37,22192.0,174.61711427541456,3875103.0
20,Control,0,38,22274.0,116.97194037891713,2605433.0
21,Control,0,42,14802.0,102.86292392919876,1522577.0
22,Control,0,57,27305.0,107.57765976927303,2937408.0
23,Control,0,66,23695.0,161.82262080607723,3834387.0
24,Control,0,68,13770.0,102.02672476397967,1404908.0
25,Control,0,311,31868.0,138.35210869838082,4409005.0
26,Control,0,548,13903.0,214.83852405955548,2986900.0
27,Control,0,782,26438.0,212.33867917391632,5613810.0
28,Control,0,1094,16462.0,166.2127930992589,2736195.0
29,Control,0,1181,8662.0,171.6288386054029,1486649.0
30,Control,0,1257,27001.0,133.99559275582385,3618015.0
31,Control,0,1659,22283.0,219.50504869182785,4891231.0
32,Control,0,1736,2872.0,67.1100278551532,192740.0
33,Control,0,1737,12325.0,145.0756186612576,1788057.0
34,Control,0,1784,20890.0,211.54447103877453,4419164.0
35,Control,0,1791,16846.0,373.998990858364,6300387.0
36,Control,0,1875,11970.0,199.63316624895572,2389609.0
38,Control,0,1886,22659.0,171.0091354428704,3874896.0
39,Control,0,1921,12125.0,148.3439175257732,1798670.0000000002
40,Control,0,1942,9742.0,136.9319441593102,1333991.0
41,Control,0,1956,17841.0,186.66033294097863,3330207.0
42,Control,0,1965,13618.0,161.41188133352915,2198107.0
43,Control,0,1966,20093.0,245.13751057582243,4925548.0
44,Control,0,1971,1831.0,91.97214636810486,168401.0
45,Control,0,2015,9329.0,176.38031943402294,1645452.0
46,Control,0,2069,10540.0,121.86869070208729,1284496.0
47,Control,0,2070,11159.0,124.24957433461779,1386501.0
48,Control,0,2073,8602.0,214.84398976982098,1848088.0
49,Control,0,2089,12958.0,167.17687914801667,2166278.0
50,Control,0,2096,12119.0,192.50309431471243,2332945.0
51,Control,0,2104,10023.0,204.67255312780605,2051433.0
52,Control,0,2110,12873.0,193.7499417385225,2494143.0
53,Control,0,2121,12286.0,202.6434966628683,2489678.0
54,Control,0,2137,14822.0,175.93185804884632,2607662.0
55,Control,0,2143,11312.0,164.28668670438472,1858411.0
56,Control,0,2147,17480.0,238.04244851258582,4160982.0
57,Control,0,2163,10911.0,135.30684630189717,1476333.0
58,Control,0,2166,14409.0,165.36720105489624,2382776.0
59,Control,0,2170,9707.0,158.69032656845576,1540407.0
60,Control,0,2175,12589.0,201.39383588847406,2535347.0
61,Control,0,2181,6863.0,104.19233571324493,715072.0
62,Control,0,2182,17461.0,195.8023022736384,3418904.0
63,Control,0,2183,13130.0,189.7938309215537,2491993.0
64,Control,0,2184,8112.0,132.35675542406312,1073678.0
65,Control,0,2185,13306.0,180.0,2395080.0
66,Control,0,2186,10696.0,122.89491398653702,1314484.0
67,Control,0,2187,8337.0,128.8029267122466,1073830.0
68,Control,0,2192,11880.0,181.6199494949495,2157645.0
69,Control,0,2200,13195.0,198.97514209928002,2625477.0
70,Control,0,2205,11420.0,155.33739054290717,1773953.0
71,Control,0,2208,8463.0,125.3439678600969,1060786.0
72,Control,0,2209,11012.0,191.32074100980748,2106824.0
73,Control,0,2218,7662.0,136.67358392064736,1047193.0000000001
74,Control,0,2229,9785.0,147.84905467552377,1446703.0000000002
75,Control,0,2232,14323.0,204.70369336032954,2931971.0
76,Control,0,2241,8706.0,143.83494141971053,1252227.0
77,Control,0,2249,12509.0,198.73706931009673,2486002.0
78,Control,0,2257,13837.0,189.2840211028402,2619123.0
79,Control,0,2277,9303.0,143.84650112866817,1338204.0
81,Control,0,2471,17056.0,284.6152673545966,4854398.0
82,Control,0,2477,7701.0,265.37774315024024,2043674.0
83,Control,0,2478,9670.0,232.16059979317475,2244993.0
84,Control,0,2481,7423.0,188.37356863801696,1398297.0
85,Control,0,2482,8606.0,152.9977922379735,1316699.0
87,Control,0,2484,13403.0,223.98283966276207,3002042.0
88,Control,0,2485,13871.0,174.59123350875927,2421755.0
89,Control,0,2486,8334.0,152.50287976961843,1270959.0
90,Control,0,2487,15393.0,259.71422074969144,3997781.0000000005
91,Control,0,2488,14386.0,200.16821910190464,2879620.0
92,Control,0,2489,14274.0,270.6679277007146,3863514.0
93,Control,0,2490,12820.0,315.2095163806552,4040985.9999999995
94,Control,0,2492,17246.0,257.48202481734893,4440535.0
95,Control,0,2493,8836.0,141.0531914893617,1246346.0
96,Control,0,2495,14349.0,215.56164192626665,3093094.0
97,Control,0,2496,9805.0,159.90606833248341,1567878.9999999998
98,Control,0,2499,18093.0,206.48604432653514,3735952.0
99,Control,0,2500,21956.0,175.0904536345418,3844286.0
100,Control,0,2501,15149.0,174.30932734833982,2640612.0
101,Control,0,2502,14882.0,177.30217712673027,2638611.0
102,Control,0,2503,13628.0,181.04109186968006,2467228.0
103,Control,0,2504,7444.0,240.7193713057496,1791915.0
104,Control,0,2505,8468.0,232.94591402928674,1972586.0000000002
105,Control,0,2506,15587.0,222.17411945852314,3463028.0
106,Control,0,2507,15688.0,200.49439061703214,3145356.0
107,Control,0,2508,19914.0,196.50296273978105,3913160.0
108,Control,0,2509,15533.0,246.92416146269233,3835473.0
109,Control,0,2510,7667.0,178.31146471892527,1367114.0
110,Control,0,2513,16802.0,278.6464111415308,4681817.0
111,Control,0,2516,18917.0,168.6106147909288,3189607.0
112,Control,0,2517,15364.0,216.84958344181203,3331677.0
113,Control,0,2518,18727.0,258.3048539541838,4837275.0
114,Control,0,2519,15732.0,192.27669717772693,3024897.0
115,Control,0,2520,13556.0,173.1908380053113,2347775.0
116,Control,0,2521,8033.0,328.12012946595297,2635789.0
117,Control,0,2522,19600.0,213.88719387755103,4192189.0
118,Control,0,2523,9482.0,239.76218097447796,2273425.0
119,Control,0,2524,14742.0,250.64360331026998,3694988.0
120,Control,0,2525,7398.0,219.45620437956205,1623537.0
121,Control,0,2526,12093.0,245.31009675018606,2966535.0
122,Control,0,2528,20249.0,238.2574941972443,4824476.0
123,Control,0,2529,17937.0,246.61230975079445,4423485.0
124,Control,0,2530,13463.0,308.2969620441209,4150601.9999999995
125,Control,0,2531,6018.0,258.6271186440678,1556418.0000000002
126,Control,0,2532,9880.0,210.61305668016195,2080857.0
127,Control,0,2533,12343.0,237.30357287531393,2929038.0
128,Control,0,2534,19063.0,164.4731679169071,3135352.0
129,Control,0,2535,19288.0,206.76503525508087,3988084.0
130,Control,0,2536,28327.0,268.94122215554063,7618297.999999999
131,Control,0,2537,15027.0,319.64969721168563,4803376.0
132,Control,0,2538,15026.0,311.04745108478636,4673799.0
133,Control,0,2539,13090.0,128.30328495034377,1679490.0
134,Control,0,2540,12175.0,252.1488295687885,3069912.0
135,Control,0,2541,40416.0,218.56836401425178,8833659.0
136,Control,0,2542,10647.0,153.96440311824927,1639259.0
137,Control,0,2543,18372.0,292.56346614413235,5374975.999999999
138,Control,0,2544,16746.0,288.29386122059,4827769.0
139,Control,0,2545,17782.0,261.35547182544144,4647423.0
140,Control,0,2546,9687.0,225.19314545266852,2181446.0
141,Control,0,2547,13678.0,272.1416873811961,3722354.0000000005
142,Control,0,2548,18129.0,314.02211925643996,5692907.0
143,Control,0,2549,8920.0,182.7982062780269,1630560.0
144,Control,0,2550,16557.0,247.33236697469349,4095082.0
145,Control,0,2551,5375.0,241.38586046511628,1297449.0
146,Control,0,2552,11054.0,227.41134430975214,2513805.0
147,Control,0,2553,14724.0,242.47806302635155,3570247.0
148,Control,0,2554,8268.0,231.1135703918723,1910847.0
149,Control,0,2555,14954.0,222.19593419820785,3322718.0
150,Control,0,2556,26101.0,231.67185165319336,6046867.0
151,Control,0,2557,13899.0,252.95920569825168,3515880.0
152,Control,0,2558,21967.0,211.69618063458825,4650330.0
153,Control,0,2559,16536.0,234.15112481857764,3871923.0
154,Control,0,2560,14359.0,179.81405390347518,2581950.0
155,Control,0,2561,10533.0,165.97484097598024,1748213.0
156,Control,0,2562,20566.0,210.0148303024409,4319165.0
157,Control,0,2563,10423.0,126.53612203780102,1318886.0
158,Control,0,2564,7497.0,220.41950113378684,1652485.0
160,Control,0,2566,13587.0,232.99102082873335,3165649.0
161,Control,0,2567,28699.0,191.38837590159935,5492655.0
162,Control,0,2568,10999.0,263.10710064551324,2893915.0
163,Control,0,2569,14642.0,239.70605108591724,3509776.0
164,Control,0,2570,15679.0,215.37502391734168,3376865.0
165,Control,0,2571,9085.0,327.90071546505226,2978977.9999999995
166,Control,0,2572,9194.0,440.46291059386556,4049616.0
167,Control,0,2573,12117.0,270.5299166460345,3278011.0
168,Control,0,2574,18907.0,233.8708943777437,4421797.0
169,Control,0,2575,34081.0,311.7722778087497,10625511.0
170,Control,0,2576,16405.0,255.3674489484913,4189303.0
171,Control,0,2577,19409.0,273.0064918336854,5298783.0
172,Control,0,2578,14008.0,212.61264991433467,2978278.0
173,Control,0,2579,22136.0,241.98116190820383,5356495.0
174,Control,0,2580,16099.0,311.7675632026834,5019146.0
175,Control,0,2581,13740.0,182.3037845705968,2504854.0
176,Control,0,2582,12113.0,514.047056881037,6226652.000000001
177,Control,0,2583,14190.0,306.63354474982384,4351130.0
178,Control,0,2584,9463.0,221.62348092571065,2097223.0
179,Control,0,2585,22689.0,169.90321301071003,3854934.0
180,Control,0,2586,18667.0,251.2262281030696,4689640.0
181,Control,0,2587,12139.0,310.95889282477964,3774730.0
182,Control,0,2588,11957.0,206.05829221376598,2463839.0
183,Control,0,2589,16621.0,330.0020456049576,5484964.0
184,Control,0,2591,9658.0,243.716815075585,2353817.0
185,Control,0,2592,9217.0,163.9703808180536,1511315.0
186,Control,0,2593,9063.0,181.8005075582037,1647658.0
187,Control,0,2594,9142.0,301.4590899146795,2755939.0
188,Control,0,2595,8609.0,284.1886397955628,2446580.0
189,Control,0,2596,17659.0,279.63780508522564,4938123.999999999
190,Control,0,2597,16327.0,224.33533410914436,3662723.0
191,Control,1,2,16296.0,81.64592538046146,1330502.0
192,Control,1,4,26543.0,145.14990769694458,3852714.0
193,Control,1,5,29636.0,118.3613510595222,3507757.0
194,Control,1,9,27715.0,139.97979433519754,3879540.0
195,Control,1,10,21530.0,299.55438922433814,6449406.0
196,Control,1,11,24391.0,192.68713869870035,4699832.0
197,Control,1,14,18620.0,84.42239527389903,1571945.0
198,Control,1,15,17912.0,99.11333184457347,1775318.0
199,Control,1,16,24424.0,219.20831968555518,5353944.0
200,Control,1,17,16503.0,311.16845422044474,5135213.0
201,Control,1,18,32525.0,90.18364335126826,2933223.0
202,Control,1,24,30603.0,117.10456491193673,3583751.0
203,Control,1,27,21571.0,267.96356218997727,5780242.0
204,Control,1,58,16037.0,81.44914884329987,1306200.0
205,Control,1,168,25629.0,195.41597409184908,5008316.0
207,Control,1,364,12100.0,208.82685950413224,2526805.0
208,Control,1,389,19204.0,100.9289731305978,1938240.0
209,Control,1,394,20365.0,101.62145838448318,2069521.0
211,Control,1,405,12754.0,131.5024306100047,1677181.9999999998
212,Control,1,406,21279.0,199.70210066262513,4249461.0
213,Control,1,407,15885.0,138.81970412338686,2205151.0
214,Control,1,416,13834.0,167.41289576405956,2315990.0
215,Control,1,417,20200.0,60.25806930693069,1217213.0
216,Control,1,419,17207.0,51.422793049340385,884832.0
217,Control,1,425,22651.0,171.6082292172531,3887098.0
218,Control,1,426,19536.0,147.8133701883702,2887682.0
219,Control,1,427,11708.0,239.12393235394603,2799663.0
220,Control,1,428,13588.0,60.46592581689726,821611.0
221,Control,1,429,22159.0,89.88600568617717,1991784.0
222,Control,1,431,14973.0,40.05209376878381,599700.0
223,Control,1,433,17069.0,243.26088230124788,4152220.0
224,Control,1,434,10848.0,233.68491887905606,2535014.0
225,Control,1,435,10427.0,41.05217224513283,428051.0
226,Control,1,436,7974.0,43.897542011537496,350039.0
227,Control,1,437,15075.0,50.660298507462684,763704.0
229,Control,1,444,12950.0,57.6003861003861,745925.0
230,Control,1,445,6743.0,41.36274655197983,278909.0
231,Control,1,447,8461.0,24.431627467202457,206716.0
232,Control,1,448,9022.0,336.29505652848593,3034054.0
233,Control,1,449,17284.0,155.12468178662346,2681175.0
234,Control,1,450,15132.0,99.34945810203543,1503356.0
235,Control,1,451,16791.0,278.01173247573104,4668095.0
236,Control,1,452,17262.0,243.52792260456494,4203779.0
237,Control,1,453,11618.0,219.10647271475298,2545579.0
238,Control,1,454,17826.0,254.17042522158644,4530842.0
239,Control,1,455,17361.0,241.37238638327284,4190466.0
240,Control,1,456,9733.0,145.96003287783827,1420629.0
241,Control,1,457,8770.0,174.21596351197263,1527874.0
242,Control,1,458,13299.0,397.7708850289495,5289955.0
243,Control,1,459,10152.0,115.79984239558708,1175600.0
244,Control,1,460,13410.0,105.07554064131246,1409063.0
245,Control,1,461,9545.0,125.08999476165532,1193984.0
246,Control,1,462,12066.0,130.95135090336484,1580059.0000000002
247,Control,1,463,14252.0,137.71246140892507,1962678.0
248,Control,1,464,10261.0,125.72985089172596,1290114.0
249,Control,1,465,9704.0,147.32697856553997,1429661.0
250,Control,1,466,18281.0,219.34221322684755,4009795.0
251,Control,1,467,21407.0,191.5301069743542,4100085.0000000005
252,Control,1,468,12518.0,130.3664323374341,1631927.0000000002
253,Control,1,469,10386.0,118.73810899287503,1233214.0
254,Control,1,470,17026.0,294.41924116057794,5012782.0
255,Control,1,471,15198.0,277.506514015002,4217544.0
256,Control,1,472,15414.0,234.65829765148567,3617023.0
257,Control,1,473,5061.0,69.15491009681881,349993.0
258,Control,1,474,23146.0,126.02285492093667,2916925.0
259,Control,1,475,7449.0,83.29641562625856,620475.0
260,Control,1,476,26282.0,139.35054409862263,3662411.0
261,Control,1,477,8714.0,131.77450080330502,1148283.0
262,Control,1,478,22603.0,180.97641905941688,4090610.0
263,Control,1,479,25324.0,128.62620439109145,3257330.0
264,Control,1,480,16086.0,183.3852418251896,2949935.0
265,Control,1,481,17544.0,390.36468308253535,6848558.0
266,Control,1,483,12567.0,128.74608100580886,1617952.0
267,Control,1,486,16673.0,268.0143345528699,4468603.0
268,Control,1,487,17958.0,286.1615992872257,5138890.0
269,Control,1,488,21871.0,173.7363174980568,3799787.0
270,Control,1,489,22074.0,192.5341578327444,4249999.0
271,Control,1,490,9832.0,178.6613100081367,1756598.0
272,Control,1,491,20676.0,225.7811955890888,4668252.0
273,Control,1,492,21381.0,288.5707871474674,6169932.0
274,Control,1,493,15198.0,262.8926832477958,3995443.0000000005
276,Control,1,495,12480.0,302.7720352564103,3778595.0000000005
277,Control,1,496,29612.0,179.76131298122382,5323092.0
278,Control,1,497,41890.0,153.3186440677966,6422518.0
279,Control,1,498,11763.0,139.06988013261923,1635879.0
280,Control,1,499,16925.0,258.2687740029542,4371199.0
281,Control,1,500,5235.0,437.7896848137536,2291829.0
282,Control,1,501,15791.0,296.4954721043633,4681960.0
283,Control,1,502,14279.0,309.9808810140766,4426217.0
284,Control,1,503,14738.0,267.16338716243723,3937454.0
285,Control,1,504,15112.0,260.97392800423506,3943838.0000000005
286,Control,1,505,12854.0,313.5429438307142,4030281.0000000005
287,Control,1,506,10313.0,395.41297391641615,4077893.9999999995
288,Control,1,507,13878.0,250.73944372387953,3479762.0
289,Control,1,508,14022.0,273.33925260305233,3832763.0
290,Control,1,509,13247.0,220.65962104627462,2923078.0
291,Control,1,510,13841.0,131.8166317462611,1824473.9999999998
292,Control,1,511,17764.0,240.91786759738798,4279665.0
293,Control,1,512,17701.0,187.6688887633467,3321927.0
294,Control,1,513,16500.0,231.35787878787878,3817405.0
295,Control,1,514,15075.0,404.146135986733,6092503.0
296,Control,1,515,7664.0,306.69519832985384,2350512.0
297,Control,1,516,16184.0,368.08391003460207,5957070.0
298,Control,1,517,18706.0,224.2713567839196,4195220.0
299,Control,1,518,5773.0,285.1548588255673,1646199.0000000002
300,Control,1,519,14778.0,225.5051427798078,3332515.0
301,Control,1,520,13440.0,199.44025297619046,2680477.0
302,Control,1,521,17153.0,177.89377951378768,3051412.0
303,Control,1,522,17523.0,250.75443702562347,4393970.0
304,Control,1,523,6684.0,192.258078994614,1285053.0
305,Control,1,524,23489.0,147.56758482694028,3466215.0
306,Control,1,525,5653.0,425.0981779586061,2403080.0
307,Control,1,526,15713.0,160.99719977089035,2529749.0
308,Control,1,527,9611.0,68.44667568411195,657841.0
309,Control,1,528,12392.0,133.47482246610716,1654019.9999999998
310,Control,1,529,8920.0,160.72713004484305,1433686.0
311,Control,1,530,13432.0,215.03394877903514,2888336.0
312,Control,1,531,11641.0,130.10196718494976,1514517.0000000002
313,Control,1,532,4174.0,72.88116914230953,304206.0
314,Control,1,533,5968.0,240.31065683646113,1434174.0
315,Control,1,534,10902.0,188.98183819482665,2060280.0000000002
316,Control,1,535,12242.0,117.55521973533736,1439111.0
317,Control,1,536,12388.0,137.37318372618662,1701779.0
318,Control,1,537,10926.0,148.59427054731833,1623541.0
319,Control,1,538,13256.0,262.83426372963186,3484131.0
320,Control,1,539,18397.0,128.46648910148394,2363398.0
321,Control,1,540,18181.0,55.293768219569884,1005296.0000000001
322,Control,1,541,22580.0,176.77023914968998,3991472.0
323,Control,1,542,10033.0,180.28127180304995,1808762.0
324,Control,1,543,19243.0,179.941485215403,3462613.9999999995
325,Control,1,544,11588.0,133.18424231964102,1543339.0
326,Control,1,545,11900.0,155.5850420168067,1851461.9999999998
327,Control,1,546,12414.0,170.5197357821814,2116832.0
328,Control,1,547,16893.0,323.4420765997751,5463907.0
329,Control,1,548,22884.0,185.9818213599021,4256008.0
330,Control,1,549,13381.0,159.7346984530304,2137410.0
331,Control,1,550,19752.0,250.5784224382341,4949425.0
332,Control,1,551,17627.0,300.7854427866341,5301945.0
333,Control,1,552,17100.0,228.43777777777777,3906286.0
334,Control,1,553,18334.0,187.2660085087815,3433335.0
335,Control,1,554,18192.0,228.60455145118735,4158774.0
336,Control,1,555,16168.0,108.59611578426521,1755782.0
337,Control,1,556,15402.0,159.5755746007012,2457783.0
339,Control,1,558,38017.0,211.14838098745298,8027228.0
340,Control,1,559,20798.0,356.0478892201173,7405084.0
341,Control,1,560,15690.0,246.1755258126195,3862494.0
342,Control,1,561,15082.0,382.76521681474605,5772865.0
343,Control,1,562,20039.0,239.3238684565098,4795811.0
344,Control,1,563,7027.0,336.48897111142736,2364508.0
345,Control,1,564,2488.0,196.95176848874598,490016.0
346,Control,1,565,12634.0,216.62980845337978,2736901.0
347,Control,1,566,2403.0,645.1731169371619,1550351.0
348,Control,1,567,21022.0,207.31595471410904,4358196.0
349,Control,1,568,14419.0,243.69567931201885,3513848.0
350,Control,2,1,21608.0,177.37046464272493,3832621.0
351,Control,2,2,12413.0,106.1578184161766,1317737.0
352,Control,2,3,14128.0,227.69889580973953,3216930.0
354,Control,2,9,9253.0,179.23700421484924,1658480.0
355,Control,2,10,10293.0,130.94442825221023,1347811.0
356,Control,2,11,12759.0,153.26694882044046,1955532.9999999998
357,Control,2,12,16913.0,292.1794477620765,4941631.0
358,Control,2,14,17720.0,199.43831828442438,3534047.0
359,Control,2,16,17373.0,180.45524664709606,3135049.0
361,Control,2,27,15104.0,99.05806408898304,1496173.0
362,Control,2,41,13613.0,66.29824432527731,902518.0
363,Control,2,49,17820.0,171.3658810325477,3053740.0
364,Control,2,50,6793.0,186.93346091564845,1269839.0
366,Control,2,74,12093.0,202.78400727693707,2452267.0
367,Control,2,87,10285.0,183.6495867768595,1888836.0
368,Control,2,100,13578.0,330.0702607158639,4481694.0
369,Control,2,103,10796.0,139.85253797702853,1509848.0
370,Control,2,137,10612.0,144.97521673577083,1538477.0
371,Control,2,139,13252.0,138.02920313914882,1829163.0000000002
372,Control,2,153,11012.0,53.334634943697786,587321.0
373,Control,2,190,10047.0,180.22285259281378,1810699.0
374,Control,2,191,15625.0,377.557504,5899336.0
375,Control,2,215,12251.0,604.8275242837319,7409742.0
376,Control,2,220,3433.0,64.73259539761142,222227.0
377,Control,2,245,11632.0,164.35058459422282,1911725.9999999998
378,Control,2,289,15663.0,223.75707080380514,3504707.0
379,Control,2,305,12514.0,155.67364551702093,1948100.0
380,Control,2,306,17921.0,317.02220858211035,5681355.0
381,Control,2,309,19911.0,225.2383104816433,4484720.0
382,Control,2,313,9635.0,234.3022314478464,2257502.0
383,Control,2,354,10515.0,207.70699001426533,2184039.0
384,Control,2,356,22630.0,209.01444984533805,4729997.0
385,Control,2,357,15250.0,357.1180983606557,5446051.0
386,Control,2,359,19780.0,241.5556622851365,4777971.0
387,Control,2,384,16264.0,264.56265371372353,4302847.0
388,Control,2,388,9706.0,235.3726560890171,2284527.0
389,Control,2,414,26260.0,276.4659558263519,7259996.000000001
390,Control,2,536,14829.0,160.85069795670645,2385255.0
391,Control,2,600,9982.0,394.5257463434182,3938156.0000000005
392,Control,2,602,12581.0,183.73730228121772,2311599.0
393,Control,2,616,19390.0,270.07328519855594,5236721.0
394,Control,2,632,12457.0,188.47370956088946,2347817.0
396,Control,2,645,12379.0,204.28071734388885,2528791.0
397,Control,2,671,22438.0,226.47829574828415,5081720.0
398,Control,2,719,18441.0,256.78542378395963,4735379.999999999
399,Control,2,744,13162.0,260.8083118067163,3432759.0
400,Control,2,836,17091.0,259.2838335966298,4431420.0
401,Control,2,837,17582.0,232.49243544534184,4087682.0000000005
402,Control,2,873,11982.0,281.7583041228509,3376027.9999999995
403,Control,2,882,20496.0,228.2347287275566,4677899.0
404,Control,2,907,13708.0,145.22417566384593,1990733.0
405,Control,2,908,16299.0,163.4762255353089,2664499.0
407,Control,2,946,9091.0,260.23407765922343,2365788.0
408,Control,2,963,3356.0,57.0473778307509,191451.0
409,Control,2,974,7852.0,245.89786041772797,1930790.0
410,Control,2,990,11831.0,123.95740005071423,1466540.0
411,Control,2,1020,12546.0,122.71393272756256,1539569.0
412,Control,2,1027,15875.0,222.57184251968505,3533328.0
413,Control,2,1066,15714.0,142.34249713631158,2236770.0
414,Control,2,1067,9144.0,129.93252405949255,1188102.9999999998
416,Control,2,1082,12788.0,188.45996246481076,2410026.0
418,Control,2,1092,14851.0,324.3974143155343,4817626.0
419,Control,2,1098,9633.0,130.23595972178967,1254562.9999999998
420,Control,2,1108,15010.0,134.82958027981346,2023792.0
421,Control,2,1109,12066.0,161.16575501408917,1944626.0
422,Control,2,1112,13798.0,155.35548630236266,2143595.0
423,Control,2,1114,15237.0,154.0292052241255,2346943.0
424,Control,2,1119,11595.0,301.9495472186287,3501105.0
425,Control,2,1133,9675.0,182.66108527131783,1767246.0
432,Control,2,1371,11540.0,382.5125649913345,4414195.0
433,Control,2,1372,12828.0,311.59627377611474,3997157.0
434,Control,2,1373,6068.0,193.67732366512854,1175234.0
435,Control,2,1374,14265.0,343.46056782334387,4899465.0
436,Control,2,1376,9444.0,389.07295637441763,3674405.0
437,Control,2,1377,12728.0,270.9777655562539,3449005.0
438,Control,2,1378,13307.0,222.3305778913354,2958553.0
439,Control,2,1379,12888.0,330.66108007448787,4261560.0
440,Control,2,1380,10031.0,354.72036686272554,3558200.0
441,Control,2,1381,13394.0,275.1647752725101,3685557.0000000005
442,Control,2,1382,15036.0,207.60288640595903,3121517.0
443,Control,2,1383,17524.0,300.8556265692764,5272194.0
444,Control,2,1384,13674.0,309.06779289161915,4226193.0
445,Control,2,1385,14043.0,392.7003489282917,5514691.0
446,Control,2,1386,11091.0,216.48597962311786,2401046.0
447,Control,2,1387,12678.0,355.2981542830099,4504470.0
448,Control,2,1388,11155.0,231.5994621246078,2583492.0
449,Control,2,1389,15217.0,181.8533876585398,2767263.0
450,Control,2,1390,10699.0,172.09113001215067,1841203.0
451,Control,2,1391,3280.0,66.71158536585367,218814.00000000003
452,Control,2,1392,19616.0,197.30617862969004,3870358.0
453,Control,2,1393,14207.0,337.60061941296544,4796292.0
454,Control,2,1394,14754.0,375.78704080249423,5544362.0
455,Control,2,1395,16417.0,302.90735213498203,4972830.0
456,Control,2,1396,13842.0,385.3682993787025,5334268.0
457,Control,2,1397,12090.0,395.1876757650951,4777819.0
458,Control,2,1398,7369.0,304.1281042203827,2241120.0
459,Control,2,1399,13900.0,306.34244604316547,4258160.0
460,Control,2,1400,11527.0,162.77253405049015,1876279.0
461,Control,2,1401,9950.0,273.2700502512563,2719037.0
462,Control,2,1402,8924.0,275.2557149260421,2456382.0
463,Control,2,1403,14188.0,289.3958979419227,4105948.9999999995
464,Control,2,1404,11119.0,342.6320712294271,3809725.9999999995
465,Control,2,1405,6622.0,281.9012382965871,1866749.9999999998
466,Control,2,1406,16711.0,336.30728262820895,5620031.0
467,Control,2,1407,10399.0,359.4112895470718,3737518.0
468,Control,2,1408,4816.0,302.1754568106312,1455276.9999999998
469,Experimental,0,1,230111.0,179.99171269517754,41418073.0
471,Experimental,0,193,127239.0,243.5928842571853,30994515.0
472,Experimental,0,342,129291.0,236.41883812485014,30566828.0
474,Experimental,0,429,31174.0,196.18188233784565,6115774.0
475,Experimental,0,476,79229.0,146.93710636256927,11641680.0
476,Experimental,0,511,56737.0,189.84105610095705,10771012.0
478,Experimental,0,599,35944.0,119.91158468729134,4310102.0
479,Experimental,0,829,137368.0,216.63046706656573,29758094.0
480,Experimental,0,894,133440.0,188.1826139088729,25111088.0
481,Experimental,0,936,89985.0,107.85757626271045,9705564.0
482,Experimental,0,979,46597.0,154.33948537459494,7191757.000000001
483,Experimental,0,1112,17082.0,187.26858681653204,3198922.0000000005
484,Experimental,0,1197,76792.0,101.85162516928847,7821390.0
486,Experimental,0,1244,40997.0,116.5716028002049,4779086.0
487,Experimental,0,1269,20779.0,180.51061167524904,3750829.9999999995
488,Experimental,0,1275,32356.0,315.14331190505624,10196777.0
489,Experimental,0,1421,21034.0,95.64609679566416,2011820.0
492,Experimental,0,1488,1140.0,103.97456140350877,118531.0
494,Experimental,0,1569,65373.0,71.05684303917519,4645199.0
495,Experimental,0,1591,59879.0,149.68897276173618,8963226.0
497,Experimental,0,1626,20580.0,174.84795918367348,3598371.0000000005
498,Experimental,0,1704,38490.0,146.49134840218238,5638452.0
499,Experimental,0,1705,38813.0,129.81446937881637,5038489.0
500,Experimental,0,1707,67351.0,44.55270151890841,3000669.0
503,Experimental,0,1757,18060.0,104.95514950166113,1895490.0
506,Experimental,0,1811,35696.0,42.55499215598386,1519043.0
511,Experimental,0,1902,84216.0,301.968343307685,25430566.0
515,Experimental,0,1956,11812.0,120.51346088723332,1423505.0
519,Experimental,0,1964,45190.0,40.96184996680682,1851066.0
524,Experimental,0,1979,37971.0,576.6468884148429,21895859.0
527,Experimental,0,2015,16970.0,144.8948733058338,2458866.0
529,Experimental,0,2017,84668.0,60.07295554400718,5086257.0
530,Experimental,0,2022,3269.0,193.90486387274396,633875.0
531,Experimental,0,2023,10476.0,117.38344788087056,1229709.0
532,Experimental,0,2024,33254.0,122.85511517411439,4085424.0
533,Experimental,0,2025,115836.0,306.8885234296764,35548739.0
534,Experimental,0,2026,49158.0,233.85566947394116,11495877.0
535,Experimental,0,2027,86922.0,254.9291778836198,22158954.0
536,Experimental,0,2028,52056.0,271.10736514522824,14112765.000000002
537,Experimental,0,2029,28038.0,317.9621584991797,8915023.0
538,Experimental,0,2030,45466.0,130.68965820613207,5941936.000000001
539,Experimental,0,2031,92924.0,312.2976518445181,29019947.0
540,Experimental,0,2032,87343.0,339.9637063073171,29693450.0
541,Experimental,0,2033,22387.0,194.06852191003708,4344612.0
542,Experimental,0,2034,22054.0,234.7508841933436,5177196.0
543,Experimental,0,2035,46932.0,276.02290548026934,12954307.0
544,Experimental,0,2036,43177.0,242.3433541005628,10463659.0
545,Experimental,0,2038,41997.0,174.82784484606043,7342245.0
546,Experimental,0,2039,45384.0,211.81647717257184,9613079.0
547,Experimental,0,2040,51980.0,189.6238553289727,9856648.0
548,Experimental,0,2041,44789.0,198.2716738484896,8880390.0
549,Experimental,0,2042,18601.0,234.86726520079566,4368766.0
550,Experimental,0,2043,50903.0,254.49625758796142,12954623.0
551,Experimental,0,2044,50723.0,344.9252015850797,17495641.0
552,Experimental,0,2045,18501.0,386.9777309334631,7159475.0
553,Experimental,0,2046,50615.0,237.42353057394052,12017192.0
554,Experimental,0,2047,18323.0,220.8639414942968,4046890.0
555,Experimental,0,2048,21947.0,102.99052262268192,2260333.0
556,Experimental,0,2049,27263.0,192.90731027399772,5259232.0
557,Experimental,0,2050,26823.0,180.83648361480817,4850577.0
558,Experimental,0,2051,17834.0,467.9281709094987,8345031.0
559,Experimental,0,2052,24720.0,136.6620145631068,3378285.0
560,Experimental,0,2053,24891.0,149.75782411313327,3727622.0
561,Experimental,0,2054,29165.0,117.37781587519287,3423324.0
562,Experimental,0,2055,43880.0,243.8175934366454,10698716.0
563,Experimental,0,2056,64458.0,187.73573489714232,12101070.0
564,Experimental,0,2057,39419.0,155.08077323118295,6113129.000000001
565,Experimental,0,2058,16803.0,90.68243765994168,1523737.0
566,Experimental,0,2060,17957.0,128.78660132538843,2312621.0
567,Experimental,0,2061,17060.0,221.54970691676436,3779638.0
568,Experimental,0,2062,29780.0,57.18925453324379,1703096.0
569,Experimental,0,2063,85048.0,38.04469240899257,3235625.0
570,Experimental,0,2065,20356.0,47.496462959324035,966838.0
571,Experimental,1,1,102894.0,133.87597916302215,13775035.000000002
572,Experimental,1,4,50810.0,229.05404447943317,11638236.0
573,Experimental,1,6,74384.0,121.90481824048183,9067768.0
574,Experimental,1,7,94666.0,465.82801639448166,44098075.0
575,Experimental,1,17,120129.0,255.3824721757444,30678841.0
576,Experimental,1,28,61722.0,282.43245520235894,17432296.0
577,Experimental,1,61,69205.0,212.4341015822556,14701502.0
578,Experimental,1,71,61495.0,293.61043987316043,18055574.0
579,Experimental,1,76,41878.0,151.17369501886432,6330852.0
580,Experimental,1,77,63119.0,264.56879861848256,16699318.0
581,Experimental,1,91,60560.0,165.37318361955087,10015000.0
582,Experimental,1,97,20865.0,398.68574167265757,8318578.0
583,Experimental,1,130,19244.0,279.02135730617334,5369487.0
584,Experimental,1,133,43203.0,310.1774182348448,13400595.0
585,Experimental,1,149,19119.0,427.3220879753125,8169971.0
586,Experimental,1,167,47473.0,277.39336043645864,13168695.0
587,Experimental,1,177,68797.0,75.32930214980304,5182430.0
589,Experimental,1,196,28241.0,303.6827661909989,8576305.0
590,Experimental,1,208,26579.0,388.4127318559765,10323622.0
591,Experimental,1,209,55047.0,297.93558232056245,16400460.000000002
593,Experimental,1,225,21517.0,196.45303713342938,4227080.0
594,Experimental,1,233,28140.0,156.41776830135038,4401596.0
595,Experimental,1,252,17336.0,306.18885556068295,5308090.0
596,Experimental,1,257,23696.0,374.8315749493585,8882009.0
597,Experimental,1,266,63979.0,318.38395410994235,20369887.0
600,Experimental,1,285,58649.0,170.14032634827532,9978560.0
601,Experimental,1,292,10160.0,244.68464566929134,2485996.0
603,Experimental,1,296,5045.0,202.4356788899901,1021288.0
604,Experimental,1,303,8577.0,166.4705608021453,1427818.0000000002
607,Experimental,1,307,7287.0,198.6707835872101,1447714.0
608,Experimental,1,308,23730.0,388.62718078381795,9222123.0
609,Experimental,1,309,3402.0,373.9215167548501,1272081.0
610,Experimental,1,311,23965.0,234.62658042979345,5622826.0
611,Experimental,1,313,22679.0,294.5336214118788,6679728.0
612,Experimental,1,314,68483.0,193.68792255012193,13264330.0
613,Experimental,1,315,11919.0,274.21855860390974,3268411.0
614,Experimental,1,316,8255.0,323.2707450030285,2668600.0
615,Experimental,1,317,1008.0,253.51190476190476,255540.0
617,Experimental,1,319,50507.0,174.28215890866613,8802469.0
618,Experimental,1,320,57684.0,147.7451806393454,8522533.0
619,Experimental,1,321,24064.0,166.37055352393617,4003541.0
620,Experimental,1,322,25633.0,212.77724027620644,5454119.0
621,Experimental,1,323,57269.0,274.43940002444606,15716870.000000002
622,Experimental,1,324,19567.0,471.251750396075,9220983.0
623,Experimental,1,325,58256.0,344.43104572919526,20065175.0
624,Experimental,1,326,85930.0,281.22168043756545,24165379.0
625,Experimental,1,327,32338.0,255.32444801781187,8256682.0
626,Experimental,2,1,11638.0,320.31122185942604,3727782.0000000005
627,Experimental,2,2,11824.0,311.48291610284167,3682974.0
628,Experimental,2,3,21809.0,289.161538814251,6306324.0
629,Experimental,2,4,21559.0,240.94169488380723,5194462.0
630,Experimental,2,5,12583.0,220.25303981562425,2771444.0
631,Experimental,2,6,16117.0,411.8575417261277,6637908.0
632,Experimental,2,7,13901.0,202.2842960938062,2811954.0
633,Experimental,2,8,19694.0,301.8890017264141,5945401.999999999
634,Experimental,2,9,21040.0,257.20019011406845,5411492.0
635,Experimental,2,10,12751.0,338.9218100541134,4321592.0
636,Experimental,2,11,20711.0,271.0063251412293,5612812.0
637,Experimental,2,12,15678.0,264.89112131649443,4152962.9999999995
638,Experimental,2,13,21624.0,270.183222345542,5842442.0
639,Experimental,2,14,17898.0,111.21019108280255,1990440.0
640,Experimental,2,15,20565.0,252.41862387551666,5190989.0
641,Experimental,2,16,33772.0,329.2162738363141,11118292.0
642,Experimental,2,17,14598.0,283.9405397999726,4144964.0
643,Experimental,2,19,15867.0,219.86689355265645,3488628.0
644,Experimental,2,20,14883.0,141.19438285291943,2101396.0
645,Experimental,2,21,17821.0,265.8317153919533,4737387.0
646,Experimental,2,22,21204.0,303.24792491982646,6430069.0
647,Experimental,2,23,21442.0,331.02924167521684,7097928.999999999
648,Experimental,2,24,14571.0,260.23375197309724,3791866.0
649,Experimental,2,25,27583.0,209.1679295218069,5769479.0
650,Experimental,2,26,34361.0,292.3116323739123,10044120.0
651,Experimental,2,27,33165.0,303.7962912709181,10075404.0
652,Experimental,2,28,14205.0,401.98852516719467,5710247.0
653,Experimental,2,29,41734.0,274.0189054487947,11435905.0
654,Experimental,2,30,23016.0,273.9329162321863,6304840.0
655,Experimental,2,31,20075.0,388.1285180572852,7791680.0
656,Experimental,2,32,13176.0,156.20271706132363,2058127.0
657,Experimental,2,33,25413.0,235.44343446267658,5983324.0
658,Experimental,2,35,20603.0,265.7712469057904,5475685.0
659,Experimental,2,36,20143.0,351.46020950206025,7079463.0
660,Experimental,2,37,21394.0,313.2420304758343,6701500.0
661,Experimental,2,38,39782.0,177.07390277009702,7044354.0
662,Experimental,2,39,16116.0,201.89811367585008,3253790.0
663,Experimental,2,40,10848.0,185.18980457227138,2008939.0
664,Experimental,2,41,11842.0,217.78449586218545,2579004.0
665,Experimental,2,42,7053.0,202.43513398553807,1427775.0
666,Experimental,2,43,10157.0,202.59830658659052,2057791.0
667,Experimental,2,44,10945.0,270.8027409776154,2963936.0000000005
669,Experimental,2,46,27655.0,220.24845416742,6090971.0
670,Experimental,2,47,18030.0,196.09112590127566,3535523.0
671,Experimental,2,48,7894.0,180.10184950595388,1421724.0
672,Experimental,2,49,17325.0,274.58805194805194,4757238.0
673,Experimental,2,50,20482.0,283.7726296260131,5812231.0
674,Experimental,2,51,16321.0,172.56865388150237,2816493.0
675,Experimental,2,52,19266.0,331.1298660853317,6379548.0
676,Experimental,2,53,19417.0,199.79301642890252,3879381.0
677,Experimental,2,55,30201.0,99.07105724975995,2992045.0
678,Experimental,2,56,20165.0,372.0391272005951,7502169.0
679,Experimental,2,57,33359.0,333.68038610270094,11131244.0
680,Experimental,2,58,19551.0,299.94690808654286,5864261.999999999
681,Experimental,2,59,22564.0,245.62936536075165,5542381.0
682,Experimental,2,60,27889.0,226.3797554591416,6313505.0
683,Experimental,2,61,19591.0,307.84758307386045,6031042.0
684,Experimental,2,62,42761.0,306.3056991183555,13097938.0
685,Experimental,2,63,7170.0,167.4273361227336,1200454.0
686,Experimental,2,64,32771.0,363.63556192975494,11916701.0
687,Experimental,2,65,5509.0,253.33690324922853,1395633.0
688,Experimental,2,66,19031.0,307.0862802795439,5844159.000000001
689,Experimental,2,67,21959.0,237.89903911835694,5224025.0
690,Experimental,2,68,37537.0,259.4905826251432,9740498.0
691,Experimental,2,69,26188.0,252.22468306094393,6605260.0
692,Experimental,2,70,19428.0,388.5532736256949,7548813.0
693,Experimental,2,71,34660.0,420.8274668205424,14585879.999999998
694,Experimental,2,72,21170.0,304.6628719886632,6449713.0
695,Experimental,2,73,39969.0,250.9115564562536,10028684.0
696,Experimental,2,74,21927.0,221.1829251607607,4849878.0
697,Experimental,2,75,14077.0,263.9151097534986,3715132.9999999995
698,Experimental,2,76,16399.0,295.390938471858,4844116.0
699,Experimental,2,77,12432.0,96.51488095238095,1199873.0
700,Experimental,2,79,15407.0,366.55163237489455,5647461.0
701,Experimental,2,80,36687.0,128.0595851391501,4698122.0
702,Experimental,2,81,15557.0,79.49257568940027,1236666.0
703,Experimental,2,82,29499.0,215.45960880029833,6355843.0
704,Experimental,2,83,21763.0,159.28497909295592,3466518.9999999995
705,Experimental,2,84,42780.0,205.97050023375408,8811418.0
706,Experimental,2,85,18569.0,222.6493618396252,4134376.0
707,Experimental,2,86,24213.0,314.8943129723702,7624535.999999999
708,Experimental,2,87,2042.0,379.10333006856024,774129.0
709,Experimental,2,88,13959.0,262.13682928576543,3659167.9999999995
710,Experimental,2,89,10029.0,253.01415893907668,2537479.0
711,Experimental,2,90,21097.0,340.95103569227854,7193044.0
712,Experimental,2,91,50538.0,230.44621868692866,11646291.0
713,Experimental,2,94,13420.0,248.94210134128167,3340803.0
714,Experimental,2,95,7355.0,44.53650577838205,327566.0
715,Experimental,2,96,41825.0,285.90010759115364,11957772.000000002
716,Experimental,2,97,12734.0,131.17480760169624,1670380.0
717,Experimental,2,98,13553.0,138.39002434885265,1875600.0
718,Experimental,2,99,20049.0,287.56466656691106,5765384.0
719,Experimental,2,100,7988.0,208.0652228342514,1662025.0
720,Experimental,2,101,36007.0,79.24170300219401,2853256.0
721,Experimental,2,102,30103.0,44.23432880443809,1331586.0
722,Experimental,2,103,34822.0,42.05591292860835,1464471.0
723,Experimental,2,105,20420.0,67.30097943192948,1374286.0
724,Experimental,2,106,11043.0,77.61640858462374,857118.0
725,Experimental,2,107,18570.0,59.26085083467959,1100474.0
726,Experimental,2,108,6812.0,27.76967116852613,189167.0
727,Experimental,2,109,98493.0,155.7960261135309,15344817.999999998
728,Experimental,2,110,21731.0,142.8421609682021,3104103.0
729,Experimental,2,111,16889.0,115.75309372964652,1954954.0000000002
